scaffold_m19_p_1,186623608,186623869,6bat_all,6.8e-23,-,GGATCCCCCTTACCCCCCACCTCGCTGTCTCAGTAGCTCCTGCCCTCCTGCTCTCCCCCAACCCAAGGGAAGGGGTTTCTGGGAGGCAGGGTTCCCAGAGTGTCCATGAAATGTGTTCAGGAGTCACTGGATGGGTGAAACTCGTAGGAATACTGAATTGTCTGTTATCTCTCTTGCCCACTGCAACCCAATGAGAAGCATGTATCCCAAGACCTTCAACTTCAACTTCCAAAATCTAAATGGCTATGGGCGGAAGTCTACCTTCCTCTGCTTTGAAGTGGAAAAATGGGAGGATGGTTCATTTCTTGACTATCAAAATGGTGTCTTTCGAAACCAGGTATGTGCCTCACGATGCTGTCATCAGAGGCAGG,Myotis_myotis,Bat1kgenomes/mMyoMyo1.6.pri.fa,x,Partial,2,scaffold_m19_p_1_186623607-186623978,NVFRSHWMGETRRNTELSVISLAHCNPMRSMYPKTFNFNFQNLNGYGRKSTFLCFEVEKWEDGSFLDYQNGVFRNQVCASRCCHQRQ,Myotis_myotis_Partial_2_scaffold_m19_p_1_186623607-186623978,x
scaffold_m19_p_1,186629950,186630217,6bat_all,3e-68,-,CGTCTCTCCCAGTTCTATCCCAAGAAGCCCAGGCACACAGAAATCTGCTTCTTGAACTGGTTCAAGACCCAGCAAGCATTCTTGGCTCAGAACCTGTCCCACGAGGAGAAATACCATGTCACATGGTACATGTCCTGGAGCCCCTGCTTCCAATGTGCGAGGCATGTGGTCGAGTTCCTCAAGGACCACAAGTATGTGCAGCTGAGCATCTTCGTTGCCCGCCTCTACTACCCCAGGAGGCCCCAGTACCAGCAGGGGCTGCGCAGCCTGCAAGGTGCAGGGGCCCAGGTGGCAATAATGACTCCAGATGGTGAGAGCAG,Myotis_myotis,Bat1kgenomes/mMyoMyo1.6.pri.fa,Z2orZ2,Z2,5,scaffold_m19_p_1_186629930-186630250,HTEICFLNWFKTQQAFLAQNLSHEEKYHVTWYMSWSPCFQCARHVVEFLKDHKYVQLSIFVARLYYPRRPQYQQGLRSLQGAGAQVAIM,Myotis_myotis_Z2_5_scaffold_m19_p_1_186629930-186630250,x
scaffold_m19_p_1,186629950,186630217,6bat_all,5.2999999999999995e-68,-,CGTCTCTCCCAGTTCTATCCCAAGAAGCCCAAGCACACAGAAATCTGCTTCTTGAACTGGTTCAAGACCCAGCAAGCATTCTTGGCCCAGAACCTGTCCCACGAGGAGAAATACCATGTCACATGGTACATGTCCTGGAGCCCCTGCTTCCAATGTGCGAGGCATGTGGTCGAGTTCCTCAAGGACCACAAGTATGTGCAGCTGAGCATCTTCGTTGCCCGCCTCTACTACCCCAGGAGGCCCCAGTACCAGCAGGGGCTGCGCAGCCTGCAAGGTGCAGGGGCCCAGGTGGCAATAATGACTCCAGATGGTGAGAG,Myotis_myotis,Bat1kgenomes/mMyoMyo1.6.pri.fa,Z2orZ2,Z2,8,scaffold_m19_p_1_186635114-186635431,HTEICFLNWFKTQQAFLAQNLSHEEKYHVTWYMSWSPCFQCARHVVEFLKDHKYVQLSIFVARLYYPRRPQYQQGLRSLQGAGAQVAIM,Myotis_myotis_Z2_8_scaffold_m19_p_1_186635114-186635431,x
scaffold_m19_p_1,186643629,186643896,6bat_all,3.7999999999999996e-68,-,CCGTCTCTCCCAGTTCTATCCCAAGAAGCCCAAGCACACAGAAATCTGCTTCTTGAACTGGTTCAAGACCCAGCAAGCATTCTTGGCCCAGAACCTGTCCCACGAGGAGAAATACCATGTCACATGGTTCATGTCCTGGAGCCCCTGCTTCCAATGTGCGAGGCATGTGGTCGAGTTCCTCAAGGACCACAAGTATGTGCAGCTGAGCATCTTCGTTGCCCGCCTCTACTACCCCAGGAGGCCCCAGTACCAGCAGGGGCTGCGCAGCCTGCAAGGTGCAGGGGCCCAGGTGGCAATAATGACTCCAGATGGTGAGAGC,Myotis_myotis,Bat1kgenomes/mMyoMyo1.6.pri.fa,Z2orZ2,Z2,11,scaffold_m19_p_1_186643611-186643930,HTEICFLNWFKTQQAFLAQNLSHEEKYHVTWFMSWSPCFQCARHVVEFLKDHKYVQLSIFVARLYYPRRPQYQQGLRSLQGAGAQVAIM,Myotis_myotis_Z2_11_scaffold_m19_p_1_186643611-186643930,x
scaffold_m19_p_3,191468722,191469028,6bat_all,1.8e-33,+,TCCCTCTCTCCCCAGTCGGGTTGCCACGTGGAATTGCTCTTCCTGCGCTACATCTCCGACTGGGACCTGGACCCTGGCCGGTGCTATCGCGTCACCTGGTTCACCTCTTGGAGTCCCTGCTACGACTGTGCCCGGCACGTGGCCGACTTCCTGAGGGGGAACCCCAACCTCAGTCTTCGGATCTTCACCGCGCGCCTCTACTTCTGCGAAGATTACAAGGCCGAGCCCGAGGGCCTGCGGAGGCTGCACCGCGCCGGGGCCCAAATCGCCATCATGACCTTCAAAGGTAGGAGGGGACCCTTCTGCC,Myotis_myotis,Bat1kgenomes/mMyoMyo1.6.pri.fa,x,Partial,13,scaffold_m19_p_3_191468722-191469029,SLSPQSGCHVELLFLRYISDWDLDPGRCYRVTWFTSWSPCYDCARHVADFLRGNPNLSLRIFTARLYFCEDYKAEPEGLRRLHRAGAQIAIMTFKGRRGPFC,Myotis_myotis_Partial_13_scaffold_m19_p_3_191468722-191469029,x
scaffold_m19_p_3,191501370,191501637,6bat_all,0.039,-,CTCAGGCAAAAACACCACCAGGCACGCTGAAGTCAATTTTATAGAAAAAATCACTTCAGAAAGACAATTTTGCTCGTCCACCAGCTGCTCCATCATCTGGTTCTTATCCTGGAGTCCCTGCTGGGAATGCTCCAAGGCTATTACAGAATTTTTGCGTCAACGGCCTGGTGTGACTTTAGTTATTTATGTGGCACGGCTTTATCACCACATGGATGAACAAAACCGACAAGGACTCAGGGACCTCATTAAGAGTGGTGTGACTGTCCAGA,Myotis_myotis,Bat1kgenomes/mMyoMyo1.6.pri.fa,x,Partial,14,scaffold_m19_p_3_191501369-191501638,SGKNTTRHAEVNFIEKITSERQFCSSTSCSIIWFLSWSPCWECSKAITEFLRQRPGVTLVIYVARLYHHMDEQNRQGLRDLIKSGVTVQ,Myotis_myotis_Partial_14_scaffold_m19_p_3_191501369-191501638,x
scaffold_m19_p_3,207775898,207776144,6bat_all,9.5e-57,+,TACTCCCCTCTCTGTGCTCAGGTATACTGTCATGCAGAGTTGTGCTTCCTGGATCGGGTCCCTTCTTGGCTCCTGGATGAGGGGAAGCAGTACAGACTCATGTGGTACATCTCTTGGAGCCCCTGCCCTGACTGTGCCCCGAAACTGGTGGACTTCCTGCGCAAGAACAGCCACGTGCAGCTGCGCATCTTCGCCGCTCGCATCTACACCAAACTTGATGGATATGAGGATGGGCTGCGCAGGCTGCAGGACGCTGGGGCCAAACTCGCCATCATGACCCCCAAAGGTCAGCAGGGACTCCTGAGAGTG,Myotis_myotis,Bat1kgenomes/mMyoMyo1.6.pri.fa,Z1BorZ1,Z1,17,scaffold_m19_p_3_207775868-207776177,HAELCFLDRVPSWLLDEGKQYRLMWYISWSPCPDCAPKLVDFLRKNSHVQLRIFAARIYTKLDGYEDGLRRLQDAGAKLAIM,Myotis_myotis_Z1_17_scaffold_m19_p_3_207775868-207776177,x
scaffold_m19_p_3,207780435,207780702,6bat_all,1.1e-66,+,TCTCTCCCAGTTCTATCCCAAGAAGCCTGTCCACACAGAAATCTGCTTCTTGAATTGGTTCAAGACCCAGCAAGCATTCTTGGCCCAGAACCTGTCCCGTGAGGAGAAATACCATGTCACGTGGTTCATGTCCTGGAGCCCCTGCTTCCAATGTGCCAGGCAGGTGGTCACGTTCCTGAAGGACCACAAGTACGTGCAGCTGAGCATCTTCGTTGCCCGCCTGTACTACTCCAGTCGCCCCCAGTACCAGCAGGGGCTGCGCAGCCTGCAAGGCGCAGGGGCCCAGGTGGCCATAATGACTCCAGCTGGTGAGAG,Myotis_myotis,Bat1kgenomes/mMyoMyo1.6.pri.fa,Z2orZ2,Z2,19,scaffold_m19_p_3_207780404-207780719,HTEICFLNWFKTQQAFLAQNLSREEKYHVTWFMSWSPCFQCARQVVTFLKDHKYVQLSIFVARLYYSSRPQYQQGLRSLQGAGAQVAIM,Myotis_myotis_Z2_19_scaffold_m19_p_3_207780404-207780719,x
scaffold_m19_p_3,207789599,207789977,6bat_all,1.1e-19,+,ctgtacctagggattgggcctgccctctgccacccgggagcaggtctaagccagcagggcgttatctcccgagggttcccagagtgtgagagggcacaggccgggctgagggaccctcccgcttcccctcaagtgcacaaatttttgtgcaccgggcctctagtTAAATAATAATAATAAACATGCATAGGTGAAATATCAGTCATGAATTGCACCTTAATATGAAAATCTAATGTTTGGGGGTGGAGGCAGTTTTAATACTCATTTCTGTATTCAAATCATTGGGGTTGGGGGATTGGGTGTGTGTTGTTGTAAGCAGCAGAGCCAGGCCCTAAGGGAGAGGACAGGAGCCCCCCCCCACTCGCCCCACTGTCCCTGCAGCCCCTGCCCTGCTGTTCTCCCCTAGATGAAGGCAGGGGTTACTGGGAGGCAGGGTGCCCAGGGTGTCCATGGGGTGTGTTCAGGAGTCACCGGATGGGTGAAACTCGTAGGAACACTGAATTGTCTGTTTTCTCTCTTGCCCACTGCAAACCAATGAGAAGCATCTATCCCAAGACCTTCTACTCCAACTTCAAAAACCTAGAGGGCTATTGGCCAAAGTCTACGCGCCTCTGCTTTGAAGTGGAAACATGGGAGGATGGCTCATTTCTTGACTATCAAAATGGTGTCTTTCGAAACCAGGTATGTGCCGCATGATGCTGTCATCAGAGGCAGGAGCTAAGCCA,Myotis_myotis,Bat1kgenomes/mMyoMyo1.6.pri.fa,x,Partial,20,scaffold_m19_p_3_207789284-207790009,AAEPGPKGEDRSPPPLAPLSLQPLPCCSPLDEGRGYWEAGCPGCPWGVFRSHRMGETRRNTELSVFSLAHCKPMRSIYPKTFYSNFKNLEGYWPKSTRLCFEVETWEDGSFLDYQNGVFRNQVCAA,Myotis_myotis_Partial_20_scaffold_m19_p_3_207789284-207790009,x
scaffold_m19_p_3,207794707,207794971,6bat_all,1.8e-56,+,TCTCTCCCAGTTGTATCCTGGCCACGCTGAACTCTGCTTCCTGGATTGGTTCCATGAGAAGGTTCTGTTTCCTGATGAGATTCAGTGTCCTGATGCACAATACCATGTCACCTGGTACATATCCTGGAGCCCCTGCTTCGAGTGTGCAGAGCAGGTGGCTCGCTTCCTGAATGAGCACGAGAACGTGGACCTGAGCATGTCCGCCGCCCGCCTGTACTTGTGTGAGGACGAAGATGAGCGGGGGCTTCGAGATCTGGTTGCTGCAGGGGCCAAGGTGGCCATGATGGCTCCAGAGGGTGAGAGCA,Myotis_myotis,Bat1kgenomes/mMyoMyo1.6.pri.fa,Z2,Z2,21,scaffold_m19_p_3_207794685-207794990,HAELCFLDWFHEKVLFPDEIQCPDAQYHVTWYISWSPCFECAEQVARFLNEHENVDLSMSAARLYLCEDEDERGLRDLVAAGAKVAMM,Myotis_myotis_Z2_21_scaffold_m19_p_3_207794685-207794990,x
scaffold_m19_p_3,207804529,207804889,6bat_all,3.3e-23,+,TCTCCCCACCCCCCCGCCCCACTGTCTCTGCAGCCCCTGCTCTCCTGCTCTCCCCCAGCTGAAGGCAGGGGTTACTGGGAGGCAGGGTGCCCAGGTTGTCCATGGGGTGTGTTCAGGAGTCACTGGATGGGTGAAACTCATAGGAACACTGAATTGTCTGTTTTCTCTCTTGCCCACTGCAACCCAATGAGAAGCATGTATCCCAACACCTTCGACTTCAACTTCCAAAACCTAAATAGCTATGGGCGGAAGTCTACCTTCCTCTGCTTTGAAGTGGAAAGATGGAAGGATGGCTCATTTCTTGACTATCAAAATGGTGTCTTTCGAAACCAGGTATGTGCCCCCACGATGCTGTCATCAGA,Myotis_myotis,Bat1kgenomes/mMyoMyo1.6.pri.fa,x,Partial,22,scaffold_m19_p_3_207804529-207804891,SPHPPAPLSLQPLLSCSPPAEGRGYWEAGCPGCPWGVFRSHWMGETHRNTELSVFSLAHCNPMRSMYPNTFDFNFQNLNSYGRKSTFLCFEVERWKDGSFLDYQNGVFRNQVCAPTMLSS,Myotis_myotis_Partial_22_scaffold_m19_p_3_207804529-207804891,x
scaffold_m19_p_3,207810876,207811140,6bat_all,3.4e-59,+,TCTCTCCCAGTTGTATCCTGGCCACGCTGAACTCTGCTTCCTGGATTGGTTCCATGAGAAGGTTCTGTTTCCTGATGAGATTCAGTGTCCTGATGCGCAATACCATGTCACCTGGTACATATCCTGGAGCCCCTGCTTCGAGTGTGCAGAGCAGGTGGCTCGCTTCCTGAATGAGAACGAGAATGTGTACCTGAGCATCTCCGCCGCCCGCCTGTACTTGTGTGAGGACGAAGATGAGCAGGGGCTTCGAGATCTGGTTGCTGCAGGGGCCAAGGTGGCCATGATGGCTCCAAAGGGTGAGAGCA,Myotis_myotis,Bat1kgenomes/mMyoMyo1.6.pri.fa,Z2,Z2,23,scaffold_m19_p_3_207810854-207811159,HAELCFLDWFHEKVLFPDEIQCPDAQYHVTWYISWSPCFECAEQVARFLNENENVYLSISAARLYLCEDEDEQGLRDLVAAGAKVAMM,Myotis_myotis_Z2_23_scaffold_m19_p_3_207810854-207811159,x
scaffold_m19_p_7,87605421,87605985,6bat_all,2.2e-38,-,CCCTTTGTCTTCTCCACCCCACAGGGAGCGGCTGCCTGTTAACTACTTCAAGTTCCAGTTCCGGAATGTGGAGTACAGCTCGGGGCGGAACAAGACCTTCCTCTGCTACGTGATTGAGGTGCAGGACAAGGGGGGCCAAGTGCAGGCATCCCGGGGATACCTCGAGGACGAGCATGCAACTGCCCACGCGGAGGAAGCCTTCTTCAACACCGTCGTGCCCACCTTCGACCCGGCCCTGCGCTACAACGTCACCTGGTACGTGTCCTCCAGCCCCTGCGTAGCTTGCGCCGACCGCATCATCAAAACCCTCAGCAAGACCAAGAACCTGCGCCTGCTCATCCTGGTGGGGCGCCTCTTCATGTGGGAGGAGCCCGAGATGCAGGCTGCGCTGAAGAAGCTGAAGGAGGCGGGCTGCAGGCTGCGCATCATGAAGCCCCAGGACTTCGAGTACATCTGGCAGAATTTTGTGGAGCAGGAAGAGGGCGAATCCAAGGCCTTTGAGCCCTGGGAGGACATTCAGGAGAACTTCCTGTACTACGAGGAAAAGTTGGCCGACATCCTGAAGTAGGCGACTGCGCTCAGCCT,Myotis_myotis,Bat1kgenomes/mMyoMyo1.6.pri.fa,x,Partial,25,scaffold_m19_p_7_87605401-87605986,PLSSPPHRERLPVNYFKFQFRNVEYSSGRNKTFLCYVIEVQDKGGQVQASRGYLEDEHATAHAEEAFFNTVVPTFDPALRYNVTWYVSSSPCVACADRIIKTLSKTKNLRLLILVGRLFMWEEPEMQAALKKLKEAGCRLRIMKPQDFEYIWQNFVEQEEGESKAFEPWEDIQENFLYYEEKLADILK,Myotis_myotis_Partial_25_scaffold_m19_p_7_87605401-87605986,x
