scaffold_m19_p_1,186616251,186616558,6bat_all,3.4e-60,-,GTCTCTCCCAGTTGTATCCTGGCCACGCAGAACTCTGCTTTCTGGATTGGTTCCGTGAGAAGGTTCTGTTTCCTGATGAGATTCGGTGTCCTGATGTGCAATACCGTGTCACCTGGTACGTATCCTGGAGCCCCTGCTTTGAGTGTGCAAAGCAGGTGGCTGACTTCCTGAATGAGAACGAGAATGTGGACCTGAGCATCTCCGCTGCCCGCCTCTACTTGTATGAGGACGAAGATGAGCAGGGGCTTCGAGATCTGGTTGCTGCAGGGGCCAAGGTGGCCATGATGGCTCCAGAGGGTGAGAGCAG,Myotis_myotis,Bat1kgenomes/mMyoMyo1.6.pri.fa,Z2,Z2,1,scaffold_m19_p_1_186616251-186616558,HAELCFLDWFREKVLFPDEIRCPDVQYRVTWYVSWSPCFECAKQVADFLNENENVDLSISAARLYLYEDEDEQGLRDLVAAGAKVAMM
scaffold_m19_p_1,186623607,186623978,6bat_all,6.8e-23,-,GGATCCCCCTTACCCCCCACCTCGCTGTCTCAGTAGCTCCTGCCCTCCTGCTCTCCCCCAACCCAAGGGAAGGGGTTTCTGGGAGGCAGGGTTCCCAGAGTGTCCATGAAATGTGTTCAGGAGTCACTGGATGGGTGAAACTCGTAGGAATACTGAATTGTCTGTTATCTCTCTTGCCCACTGCAACCCAATGAGAAGCATGTATCCCAAGACCTTCAACTTCAACTTCCAAAATCTAAATGGCTATGGGCGGAAGTCTACCTTCCTCTGCTTTGAAGTGGAAAAATGGGAGGATGGTTCATTTCTTGACTATCAAAATGGTGTCTTTCGAAACCAGGTATGTGCCTCACGATGCTGTCATCAGAGGCAGG,Myotis_myotis,Bat1kgenomes/mMyoMyo1.6.pri.fa,x,Partial,2,scaffold_m19_p_1_186623607-186623978,NVFRSHWMGETRRNTELSVISLAHCNPMRSMYPKTFNFNFQNLNGYGRKSTFLCFEVEKWEDGSFLDYQNGVFRNQVCASRCCHQRQ
scaffold_m19_p_1,186629930,186630250,6bat_all,3e-68,-,CGTCTCTCCCAGTTCTATCCCAAGAAGCCCAGGCACACAGAAATCTGCTTCTTGAACTGGTTCAAGACCCAGCAAGCATTCTTGGCTCAGAACCTGTCCCACGAGGAGAAATACCATGTCACATGGTACATGTCCTGGAGCCCCTGCTTCCAATGTGCGAGGCATGTGGTCGAGTTCCTCAAGGACCACAAGTATGTGCAGCTGAGCATCTTCGTTGCCCGCCTCTACTACCCCAGGAGGCCCCAGTACCAGCAGGGGCTGCGCAGCCTGCAAGGTGCAGGGGCCCAGGTGGCAATAATGACTCCAGATGGTGAGAGCAG,Myotis_myotis,Bat1kgenomes/mMyoMyo1.6.pri.fa,Z2orZ2,Z2,5,scaffold_m19_p_1_186629930-186630250,HTEICFLNWFKTQQAFLAQNLSHEEKYHVTWYMSWSPCFQCARHVVEFLKDHKYVQLSIFVARLYYPRRPQYQQGLRSLQGAGAQVAIM
scaffold_m19_p_1,186635114,186635431,6bat_all,5.2999999999999995e-68,-,CGTCTCTCCCAGTTCTATCCCAAGAAGCCCAAGCACACAGAAATCTGCTTCTTGAACTGGTTCAAGACCCAGCAAGCATTCTTGGCCCAGAACCTGTCCCACGAGGAGAAATACCATGTCACATGGTACATGTCCTGGAGCCCCTGCTTCCAATGTGCGAGGCATGTGGTCGAGTTCCTCAAGGACCACAAGTATGTGCAGCTGAGCATCTTCGTTGCCCGCCTCTACTACCCCAGGAGGCCCCAGTACCAGCAGGGGCTGCGCAGCCTGCAAGGTGCAGGGGCCCAGGTGGCAATAATGACTCCAGATGGTGAGAG,Myotis_myotis,Bat1kgenomes/mMyoMyo1.6.pri.fa,Z2orZ2,Z2,8,scaffold_m19_p_1_186635114-186635431,HTEICFLNWFKTQQAFLAQNLSHEEKYHVTWYMSWSPCFQCARHVVEFLKDHKYVQLSIFVARLYYPRRPQYQQGLRSLQGAGAQVAIM
scaffold_m19_p_1,186643611,186643930,6bat_all,3.7999999999999996e-68,-,CCGTCTCTCCCAGTTCTATCCCAAGAAGCCCAAGCACACAGAAATCTGCTTCTTGAACTGGTTCAAGACCCAGCAAGCATTCTTGGCCCAGAACCTGTCCCACGAGGAGAAATACCATGTCACATGGTTCATGTCCTGGAGCCCCTGCTTCCAATGTGCGAGGCATGTGGTCGAGTTCCTCAAGGACCACAAGTATGTGCAGCTGAGCATCTTCGTTGCCCGCCTCTACTACCCCAGGAGGCCCCAGTACCAGCAGGGGCTGCGCAGCCTGCAAGGTGCAGGGGCCCAGGTGGCAATAATGACTCCAGATGGTGAGAGC,Myotis_myotis,Bat1kgenomes/mMyoMyo1.6.pri.fa,Z2orZ2,Z2,11,scaffold_m19_p_1_186643611-186643930,HTEICFLNWFKTQQAFLAQNLSHEEKYHVTWFMSWSPCFQCARHVVEFLKDHKYVQLSIFVARLYYPRRPQYQQGLRSLQGAGAQVAIM
scaffold_m19_p_3,191468722,191469029,6bat_all,1.8e-33,+,TCCCTCTCTCCCCAGTCGGGTTGCCACGTGGAATTGCTCTTCCTGCGCTACATCTCCGACTGGGACCTGGACCCTGGCCGGTGCTATCGCGTCACCTGGTTCACCTCTTGGAGTCCCTGCTACGACTGTGCCCGGCACGTGGCCGACTTCCTGAGGGGGAACCCCAACCTCAGTCTTCGGATCTTCACCGCGCGCCTCTACTTCTGCGAAGATTACAAGGCCGAGCCCGAGGGCCTGCGGAGGCTGCACCGCGCCGGGGCCCAAATCGCCATCATGACCTTCAAAGGTAGGAGGGGACCCTTCTGCC,Myotis_myotis,Bat1kgenomes/mMyoMyo1.6.pri.fa,x,Partial,13,scaffold_m19_p_3_191468722-191469029,SLSPQSGCHVELLFLRYISDWDLDPGRCYRVTWFTSWSPCYDCARHVADFLRGNPNLSLRIFTARLYFCEDYKAEPEGLRRLHRAGAQIAIMTFKGRRGPFC
scaffold_m19_p_3,191501369,191501638,6bat_all,0.039,-,CTCAGGCAAAAACACCACCAGGCACGCTGAAGTCAATTTTATAGAAAAAATCACTTCAGAAAGACAATTTTGCTCGTCCACCAGCTGCTCCATCATCTGGTTCTTATCCTGGAGTCCCTGCTGGGAATGCTCCAAGGCTATTACAGAATTTTTGCGTCAACGGCCTGGTGTGACTTTAGTTATTTATGTGGCACGGCTTTATCACCACATGGATGAACAAAACCGACAAGGACTCAGGGACCTCATTAAGAGTGGTGTGACTGTCCAGA,Myotis_myotis,Bat1kgenomes/mMyoMyo1.6.pri.fa,x,Partial,14,scaffold_m19_p_3_191501369-191501638,SGKNTTRHAEVNFIEKITSERQFCSSTSCSIIWFLSWSPCWECSKAITEFLRQRPGVTLVIYVARLYHHMDEQNRQGLRDLIKSGVTVQ
scaffold_m19_p_3,207775868,207776177,6bat_all,9.5e-57,+,TACTCCCCTCTCTGTGCTCAGGTATACTGTCATGCAGAGTTGTGCTTCCTGGATCGGGTCCCTTCTTGGCTCCTGGATGAGGGGAAGCAGTACAGACTCATGTGGTACATCTCTTGGAGCCCCTGCCCTGACTGTGCCCCGAAACTGGTGGACTTCCTGCGCAAGAACAGCCACGTGCAGCTGCGCATCTTCGCCGCTCGCATCTACACCAAACTTGATGGATATGAGGATGGGCTGCGCAGGCTGCAGGACGCTGGGGCCAAACTCGCCATCATGACCCCCAAAGGTCAGCAGGGACTCCTGAGAGTG,Myotis_myotis,Bat1kgenomes/mMyoMyo1.6.pri.fa,Z1BorZ1,Z1,17,scaffold_m19_p_3_207775868-207776177,HAELCFLDRVPSWLLDEGKQYRLMWYISWSPCPDCAPKLVDFLRKNSHVQLRIFAARIYTKLDGYEDGLRRLQDAGAKLAIM
scaffold_m19_p_3,207780404,207780719,6bat_all,1.1e-66,+,TCTCTCCCAGTTCTATCCCAAGAAGCCTGTCCACACAGAAATCTGCTTCTTGAATTGGTTCAAGACCCAGCAAGCATTCTTGGCCCAGAACCTGTCCCGTGAGGAGAAATACCATGTCACGTGGTTCATGTCCTGGAGCCCCTGCTTCCAATGTGCCAGGCAGGTGGTCACGTTCCTGAAGGACCACAAGTACGTGCAGCTGAGCATCTTCGTTGCCCGCCTGTACTACTCCAGTCGCCCCCAGTACCAGCAGGGGCTGCGCAGCCTGCAAGGCGCAGGGGCCCAGGTGGCCATAATGACTCCAGCTGGTGAGAG,Myotis_myotis,Bat1kgenomes/mMyoMyo1.6.pri.fa,Z2orZ2,Z2,19,scaffold_m19_p_3_207780404-207780719,HTEICFLNWFKTQQAFLAQNLSREEKYHVTWFMSWSPCFQCARQVVTFLKDHKYVQLSIFVARLYYSSRPQYQQGLRSLQGAGAQVAIM
scaffold_m19_p_3,207789284,207790009,6bat_all,1.1e-19,+,ctgtacctagggattgggcctgccctctgccacccgggagcaggtctaagccagcagggcgttatctcccgagggttcccagagtgtgagagggcacaggccgggctgagggaccctcccgcttcccctcaagtgcacaaatttttgtgcaccgggcctctagtTAAATAATAATAATAAACATGCATAGGTGAAATATCAGTCATGAATTGCACCTTAATATGAAAATCTAATGTTTGGGGGTGGAGGCAGTTTTAATACTCATTTCTGTATTCAAATCATTGGGGTTGGGGGATTGGGTGTGTGTTGTTGTAAGCAGCAGAGCCAGGCCCTAAGGGAGAGGACAGGAGCCCCCCCCCACTCGCCCCACTGTCCCTGCAGCCCCTGCCCTGCTGTTCTCCCCTAGATGAAGGCAGGGGTTACTGGGAGGCAGGGTGCCCAGGGTGTCCATGGGGTGTGTTCAGGAGTCACCGGATGGGTGAAACTCGTAGGAACACTGAATTGTCTGTTTTCTCTCTTGCCCACTGCAAACCAATGAGAAGCATCTATCCCAAGACCTTCTACTCCAACTTCAAAAACCTAGAGGGCTATTGGCCAAAGTCTACGCGCCTCTGCTTTGAAGTGGAAACATGGGAGGATGGCTCATTTCTTGACTATCAAAATGGTGTCTTTCGAAACCAGGTATGTGCCGCATGATGCTGTCATCAGAGGCAGGAGCTAAGCCA,Myotis_myotis,Bat1kgenomes/mMyoMyo1.6.pri.fa,x,Partial,20,scaffold_m19_p_3_207789284-207790009,AAEPGPKGEDRSPPPLAPLSLQPLPCCSPLDEGRGYWEAGCPGCPWGVFRSHRMGETRRNTELSVFSLAHCKPMRSIYPKTFYSNFKNLEGYWPKSTRLCFEVETWEDGSFLDYQNGVFRNQVCAA
scaffold_m19_p_3,207794685,207794990,6bat_all,1.8e-56,+,TCTCTCCCAGTTGTATCCTGGCCACGCTGAACTCTGCTTCCTGGATTGGTTCCATGAGAAGGTTCTGTTTCCTGATGAGATTCAGTGTCCTGATGCACAATACCATGTCACCTGGTACATATCCTGGAGCCCCTGCTTCGAGTGTGCAGAGCAGGTGGCTCGCTTCCTGAATGAGCACGAGAACGTGGACCTGAGCATGTCCGCCGCCCGCCTGTACTTGTGTGAGGACGAAGATGAGCGGGGGCTTCGAGATCTGGTTGCTGCAGGGGCCAAGGTGGCCATGATGGCTCCAGAGGGTGAGAGCA,Myotis_myotis,Bat1kgenomes/mMyoMyo1.6.pri.fa,Z2,Z2,21,scaffold_m19_p_3_207794685-207794990,HAELCFLDWFHEKVLFPDEIQCPDAQYHVTWYISWSPCFECAEQVARFLNEHENVDLSMSAARLYLCEDEDERGLRDLVAAGAKVAMM
scaffold_m19_p_3,207804529,207804891,6bat_all,3.3e-23,+,TCTCCCCACCCCCCCGCCCCACTGTCTCTGCAGCCCCTGCTCTCCTGCTCTCCCCCAGCTGAAGGCAGGGGTTACTGGGAGGCAGGGTGCCCAGGTTGTCCATGGGGTGTGTTCAGGAGTCACTGGATGGGTGAAACTCATAGGAACACTGAATTGTCTGTTTTCTCTCTTGCCCACTGCAACCCAATGAGAAGCATGTATCCCAACACCTTCGACTTCAACTTCCAAAACCTAAATAGCTATGGGCGGAAGTCTACCTTCCTCTGCTTTGAAGTGGAAAGATGGAAGGATGGCTCATTTCTTGACTATCAAAATGGTGTCTTTCGAAACCAGGTATGTGCCCCCACGATGCTGTCATCAGA,Myotis_myotis,Bat1kgenomes/mMyoMyo1.6.pri.fa,x,Partial,22,scaffold_m19_p_3_207804529-207804891,SPHPPAPLSLQPLLSCSPPAEGRGYWEAGCPGCPWGVFRSHWMGETHRNTELSVFSLAHCNPMRSMYPNTFDFNFQNLNSYGRKSTFLCFEVERWKDGSFLDYQNGVFRNQVCAPTMLSS
scaffold_m19_p_3,207810854,207811159,6bat_all,3.4e-59,+,TCTCTCCCAGTTGTATCCTGGCCACGCTGAACTCTGCTTCCTGGATTGGTTCCATGAGAAGGTTCTGTTTCCTGATGAGATTCAGTGTCCTGATGCGCAATACCATGTCACCTGGTACATATCCTGGAGCCCCTGCTTCGAGTGTGCAGAGCAGGTGGCTCGCTTCCTGAATGAGAACGAGAATGTGTACCTGAGCATCTCCGCCGCCCGCCTGTACTTGTGTGAGGACGAAGATGAGCAGGGGCTTCGAGATCTGGTTGCTGCAGGGGCCAAGGTGGCCATGATGGCTCCAAAGGGTGAGAGCA,Myotis_myotis,Bat1kgenomes/mMyoMyo1.6.pri.fa,Z2,Z2,23,scaffold_m19_p_3_207810854-207811159,HAELCFLDWFHEKVLFPDEIQCPDAQYHVTWYISWSPCFECAEQVARFLNENENVYLSISAARLYLCEDEDEQGLRDLVAAGAKVAMM
scaffold_m19_p_7,87605401,87605986,6bat_all,2.2e-38,-,CCCTTTGTCTTCTCCACCCCACAGGGAGCGGCTGCCTGTTAACTACTTCAAGTTCCAGTTCCGGAATGTGGAGTACAGCTCGGGGCGGAACAAGACCTTCCTCTGCTACGTGATTGAGGTGCAGGACAAGGGGGGCCAAGTGCAGGCATCCCGGGGATACCTCGAGGACGAGCATGCAACTGCCCACGCGGAGGAAGCCTTCTTCAACACCGTCGTGCCCACCTTCGACCCGGCCCTGCGCTACAACGTCACCTGGTACGTGTCCTCCAGCCCCTGCGTAGCTTGCGCCGACCGCATCATCAAAACCCTCAGCAAGACCAAGAACCTGCGCCTGCTCATCCTGGTGGGGCGCCTCTTCATGTGGGAGGAGCCCGAGATGCAGGCTGCGCTGAAGAAGCTGAAGGAGGCGGGCTGCAGGCTGCGCATCATGAAGCCCCAGGACTTCGAGTACATCTGGCAGAATTTTGTGGAGCAGGAAGAGGGCGAATCCAAGGCCTTTGAGCCCTGGGAGGACATTCAGGAGAACTTCCTGTACTACGAGGAAAAGTTGGCCGACATCCTGAAGTAGGCGACTGCGCTCAGCCT,Myotis_myotis,Bat1kgenomes/mMyoMyo1.6.pri.fa,x,Partial,25,scaffold_m19_p_7_87605401-87605986,PLSSPPHRERLPVNYFKFQFRNVEYSSGRNKTFLCYVIEVQDKGGQVQASRGYLEDEHATAHAEEAFFNTVVPTFDPALRYNVTWYVSSSPCVACADRIIKTLSKTKNLRLLILVGRLFMWEEPEMQAALKKLKEAGCRLRIMKPQDFEYIWQNFVEQEEGESKAFEPWEDIQENFLYYEEKLADILK
